<?xml version="1.0" encoding="UTF-8"?>
<project-private xmlns="http://www.netbeans.org/ns/project-private/1">
    <data xmlns="http://www.netbeans.org/ns/make-project-private/1">
        <activeConfTypeElem>1</activeConfTypeElem>
        <activeConfIndexElem>0</activeConfIndexElem>
    </data>
    <editor-bookmarks xmlns="http://www.netbeans.org/ns/editor-bookmarks/2" lastBookmarkId="0"/>
    <open-files xmlns="http://www.netbeans.org/ns/projectui-open-files/2">
        <group>
            <file>file:/C:/Users/sebas/OneDrive/Documentos/NetBeansProjects/20211004_LAB4_2024_1_P2/funcionesLista.cpp</file>
            <file>file:/C:/Users/sebas/OneDrive/Documentos/NetBeansProjects/20211004_LAB4_2024_1_P2/main.cpp</file>
            <file>file:/C:/Users/sebas/OneDrive/Documentos/NetBeansProjects/20211004_LAB4_2024_1_P2/funcionesAB.cpp</file>
            <file>file:/C:/Users/sebas/OneDrive/Documentos/NetBeansProjects/20211004_LAB4_2024_1_P2/ArbolB.h</file>
            <file>file:/C:/Users/sebas/OneDrive/Documentos/NetBeansProjects/20211004_LAB4_2024_1_P2/funcionesCola.cpp</file>
        </group>
    </open-files>
</project-private>
