<?xml version="1.0" encoding="UTF-8"?>
<configurationDescriptor version="100">
  <logicalFolder name="root" displayName="root" projectFiles="true" kind="ROOT">
    <logicalFolder name="HeaderFiles"
                   displayName="Header Files"
                   projectFiles="true">
      <itemPath>ArbolB.h</itemPath>
      <itemPath>ArbolBB.h</itemPath>
      <itemPath>Elemento.h</itemPath>
      <itemPath>NodoArbol.h</itemPath>
      <itemPath>funcionesAB.h</itemPath>
      <itemPath>funcionesABB.h</itemPath>
    </logicalFolder>
    <logicalFolder name="ResourceFiles"
                   displayName="Resource Files"
                   projectFiles="true">
    </logicalFolder>
    <logicalFolder name="SourceFiles"
                   displayName="Source Files"
                   projectFiles="true">
      <itemPath>funcionesAB.cpp</itemPath>
      <itemPath>funcionesABB.cpp</itemPath>
      <itemPath>main.cpp</itemPath>
    </logicalFolder>
    <logicalFolder name="TestFiles"
                   displayName="Test Files"
                   projectFiles="false"
                   kind="TEST_LOGICAL_FOLDER">
    </logicalFolder>
    <logicalFolder name="ExternalFiles"
                   displayName="Important Files"
                   projectFiles="false"
                   kind="IMPORTANT_FILES_FOLDER">
      <itemPath>Makefile</itemPath>
    </logicalFolder>
  </logicalFolder>
  <projectmakefile>Makefile</projectmakefile>
  <confs>
    <conf name="Debug" type="1">
      <toolsSet>
        <compilerSet>default</compilerSet>
        <dependencyChecking>true</dependencyChecking>
        <rebuildPropChanged>false</rebuildPropChanged>
      </toolsSet>
      <compileType>
      </compileType>
      <item path="ArbolB.h" ex="false" tool="3" flavor2="0">
      </item>
      <item path="ArbolBB.h" ex="false" tool="3" flavor2="0">
      </item>
      <item path="Elemento.h" ex="false" tool="3" flavor2="0">
      </item>
      <item path="NodoArbol.h" ex="false" tool="3" flavor2="0">
      </item>
      <item path="funcionesAB.cpp" ex="false" tool="1" flavor2="0">
      </item>
      <item path="funcionesAB.h" ex="false" tool="3" flavor2="0">
      </item>
      <item path="funcionesABB.cpp" ex="false" tool="1" flavor2="0">
      </item>
      <item path="funcionesABB.h" ex="false" tool="3" flavor2="0">
      </item>
      <item path="main.cpp" ex="false" tool="1" flavor2="0">
      </item>
    </conf>
    <conf name="Release" type="1">
      <toolsSet>
        <compilerSet>default</compilerSet>
        <dependencyChecking>true</dependencyChecking>
        <rebuildPropChanged>false</rebuildPropChanged>
      </toolsSet>
      <compileType>
        <cTool>
          <developmentMode>5</developmentMode>
        </cTool>
        <ccTool>
          <developmentMode>5</developmentMode>
        </ccTool>
        <fortranCompilerTool>
          <developmentMode>5</developmentMode>
        </fortranCompilerTool>
        <asmTool>
          <developmentMode>5</developmentMode>
        </asmTool>
      </compileType>
      <item path="ArbolB.h" ex="false" tool="3" flavor2="0">
      </item>
      <item path="ArbolBB.h" ex="false" tool="3" flavor2="0">
      </item>
      <item path="Elemento.h" ex="false" tool="3" flavor2="0">
      </item>
      <item path="NodoArbol.h" ex="false" tool="3" flavor2="0">
      </item>
      <item path="funcionesAB.cpp" ex="false" tool="1" flavor2="0">
      </item>
      <item path="funcionesAB.h" ex="false" tool="3" flavor2="0">
      </item>
      <item path="funcionesABB.cpp" ex="false" tool="1" flavor2="0">
      </item>
      <item path="funcionesABB.h" ex="false" tool="3" flavor2="0">
      </item>
      <item path="main.cpp" ex="false" tool="1" flavor2="0">
      </item>
    </conf>
  </confs>
</configurationDescriptor>
