<?xml version="1.0" encoding="UTF-8"?>
<project-private xmlns="http://www.netbeans.org/ns/project-private/1">
    <data xmlns="http://www.netbeans.org/ns/make-project-private/1">
        <activeConfTypeElem>1</activeConfTypeElem>
        <activeConfIndexElem>0</activeConfIndexElem>
    </data>
    <editor-bookmarks xmlns="http://www.netbeans.org/ns/editor-bookmarks/2" lastBookmarkId="0"/>
    <open-files xmlns="http://www.netbeans.org/ns/projectui-open-files/2">
        <group>
            <file>file:/D:/Yo/5to%20ciclo/Algoritmia%20y%20estructura%20de%20datos/Arboles/implementacion_ver1.0/ArbolBinario/NodoArbol.h</file>
            <file>file:/D:/Yo/5to%20ciclo/Algoritmia%20y%20estructura%20de%20datos/Arboles/implementacion_ver1.0/ArbolBinario/ArbolBinario.h</file>
            <file>file:/D:/Yo/5to%20ciclo/Algoritmia%20y%20estructura%20de%20datos/Arboles/implementacion_ver1.0/ArbolBinario/funcionesArbolBinario.h</file>
            <file>file:/D:/Yo/5to%20ciclo/Algoritmia%20y%20estructura%20de%20datos/Arboles/implementacion_ver1.0/ArbolBinario/funcionesLista.cpp</file>
            <file>file:/D:/Yo/5to%20ciclo/Algoritmia%20y%20estructura%20de%20datos/Arboles/implementacion_ver1.0/ArbolBinario/Nodo.h</file>
            <file>file:/D:/Yo/5to%20ciclo/Algoritmia%20y%20estructura%20de%20datos/Arboles/implementacion_ver1.0/ArbolBinario/funcionesArbolBinario.cpp</file>
            <file>file:/D:/Yo/5to%20ciclo/Algoritmia%20y%20estructura%20de%20datos/Arboles/implementacion_ver1.0/ArbolBinario/main.cpp</file>
            <file>file:/D:/Yo/5to%20ciclo/Algoritmia%20y%20estructura%20de%20datos/Arboles/implementacion_ver1.0/ArbolBinario/funcionesLista.h</file>
        </group>
    </open-files>
</project-private>
